name,purity,x,y,z
crude-oil,normal,178265.375,206095.640625,-9238.5712890625
sam-ore,normal,181999.0625,114342.0,10285.46875
limestone,normal,-280836.6875,-42089.1796875,-1276.14794921875
limestone,normal,-267051.40625,-24386.7890625,-723.6484985351562
limestone,normal,-273321.21875,-19667.0,-1537.0546875
iron-ore,normal,-263873.03125,-30848.365234375,-411.67340087890625
iron-ore,normal,-260110.453125,-27673.626953125,-706.128662109375
iron-ore,normal,-256244.0,-29564.0,-668.0098876953125
iron-ore,normal,-259120.328125,-44688.94921875,-494.14990234375
iron-ore,normal,-261358.453125,-41228.12890625,-327.0
limestone,pure,-279019.75,-186294.296875,269.28857421875
limestone,pure,-178099.0625,-165241.5625,7616.8671875
copper-ore,normal,-268264.40625,-54991.4375,-343.69091796875
copper-ore,normal,-266711.875,-51317.58203125,-331.48297119140625
limestone,pure,-165001.9375,-133278.09375,1610.91015625
iron-ore,pure,-152490.28125,-45786.5078125,692.6234741210938
iron-ore,pure,-166731.046875,-26566.138671875,-509.76654052734375
iron-ore,pure,-170447.578125,-28321.373046875,-596.0074462890625
copper-ore,pure,-148008.203125,-30185.447265625,-556.1295166015625
limestone,normal,-133444.859375,-35240.24609375,3832.000732421875
limestone,normal,-145781.0,-31969.0,3281.07568359375
sam-ore,normal,-156847.75,-73292.078125,-963.575439453125
caterium-ore,pure,-178491.0,-79788.0,3331.0
coal,normal,-99604.046875,-146823.21875,-1631.12109375
iron-ore,pure,-110588.0,-135153.0,1911.0
limestone,normal,-90457.8671875,-152279.484375,-1650.31396484375
copper-ore,normal,-96801.0,-135276.0,166.0
iron-ore,pure,-96100.7109375,163752.859375,-3734.49267578125
copper-ore,normal,-94265.1171875,165842.203125,-3734.83447265625
iron-ore,normal,-190787.0,-117690.0,706.0
coal,pure,-113615.8828125,-50450.0,16266.267578125
iron-ore,impure,248481.4375,-146160.34375,3591.8935546875
iron-ore,impure,242691.671875,-149432.5625,2590.652099609375
coal,pure,-107640.28125,-52375.515625,16193.3701171875
copper-ore,impure,-266903.9375,-133355.4375,5973.7822265625
limestone,normal,-173249.03125,-112172.6328125,31.635986328125
limestone,normal,109989.1015625,196758.8125,-3246.7119140625
caterium-ore,normal,109619.4296875,155798.28125,4175.66650390625
sam-ore,normal,-182182.71875,-142367.8125,-1777.4351806640625
raw-quartz,normal,37926.109375,120939.234375,13370.24609375
raw-quartz,normal,34968.0703125,118464.15625,13370.24609375
limestone,normal,175981.109375,-40156.3125,6611.685546875
limestone,normal,158314.4375,-65002.83984375,2591.260009765625
caterium-ore,normal,236608.71875,-260095.609375,11784.3505859375
copper-ore,normal,297710.4375,-107995.765625,5475.0166015625
caterium-ore,pure,224307.765625,-128741.7421875,7240.548828125
limestone,normal,-129599.0,-96956.0,4209.62158203125
limestone,normal,-231390.296875,-89529.7265625,803.9837036132812
limestone,normal,-194906.3125,-25779.78515625,-627.9920654296875
iron-ore,normal,96959.1171875,157163.203125,2110.304443359375
iron-ore,normal,96326.0,159762.453125,2102.8388671875
iron-ore,normal,93730.2578125,160263.921875,2111.1162109375
iron-ore,normal,92724.9453125,163305.546875,1881.96142578125
crude-oil,normal,-36415.0859375,-199979.984375,2281.1005859375
crude-oil,impure,-34085.078125,-193714.984375,2280.0439453125
copper-ore,normal,108117.2578125,152283.921875,3387.566650390625
crude-oil,normal,185124.390625,214441.703125,-8910.6083984375
crude-oil,pure,184226.859375,217101.75,-8910.763671875
iron-ore,normal,-258432.71875,-40560.8515625,-327.0
crude-oil,pure,182115.703125,188396.65625,-5640.095703125
crude-oil,pure,184782.6875,191090.109375,-5732.21044921875
copper-ore,normal,-281345.625,-71999.671875,-1200.9078369140625
limestone,normal,-268787.8125,-79095.1796875,-292.37127685546875
limestone,normal,-129015.4375,-39541.03515625,2898.150146484375
copper-ore,normal,-166357.25,-129627.5625,1600.2266845703125
crude-oil,impure,-44360.140625,-189109.359375,2291.037841796875
iron-ore,pure,-250080.3125,-126362.703125,3837.60107421875
iron-ore,pure,-252032.609375,-125001.140625,3847.60107421875
copper-ore,normal,-163354.125,-192096.65625,10761.330078125
limestone,pure,-221696.6875,-104736.0078125,4105.7001953125
limestone,pure,-261495.65625,-116492.59375,4302.58837890625
limestone,pure,-281761.40625,-134704.46875,1998.014892578125
limestone,pure,-206172.671875,-141688.640625,4859.95703125
iron-ore,normal,-186902.296875,-118339.828125,706.0
iron-ore,normal,-187932.65625,-114624.1875,706.0
caterium-ore,pure,-49121.20703125,-84441.671875,11925.2294921875
sulfur,normal,-41122.32421875,-72631.1328125,23212.21484375
sam-ore,normal,99585.4140625,118251.8359375,10598.8662109375
sam-ore,normal,-24065.671875,269858.09375,-13353.7685546875
iron-ore,impure,264240.25,-162899.203125,3331.6552734375
iron-ore,pure,-227410.78125,-118862.2109375,3931.60107421875
iron-ore,pure,-230852.828125,-115124.4921875,3917.60107421875
caterium-ore,pure,-177447.3125,113140.6640625,2992.09423828125
sulfur,normal,34655.0,284303.0,905.0
limestone,normal,186164.390625,77069.9609375,1138.1640625
copper-ore,pure,225503.75,55772.5390625,-1303.9815673828125
iron-ore,pure,285860.75,-127665.09375,3875.850341796875
limestone,impure,237354.578125,-164936.421875,2636.012939453125
limestone,impure,244598.96875,-190901.8125,1803.6409912109375
iron-ore,impure,311229.8125,-128705.0390625,4669.4892578125
copper-ore,normal,252874.515625,-161693.453125,3452.737548828125
limestone,normal,295895.53125,-272876.5,1237.4617919921875
limestone,normal,225406.3125,-237056.65625,1043.2283935546875
copper-ore,impure,256401.875,-184355.40625,3519.32568359375
limestone,normal,308652.03125,-100658.0625,6378.20458984375
limestone,pure,311622.65625,-69811.21875,5620.265625
limestone,impure,299122.0,-85512.0,5936.0
copper-ore,normal,270316.84375,-211596.890625,3051.47802734375
limestone,impure,383045.90625,-92549.1953125,207.13555908203125
copper-ore,normal,297397.53125,-96437.4609375,6021.43017578125
copper-ore,normal,277591.0625,-94119.4375,5535.765625
iron-ore,pure,255249.609375,-91659.6484375,5523.857421875
copper-ore,normal,355997.625,-66386.5,-396.2574462890625
iron-ore,normal,268524.3125,-116944.1015625,4206.80322265625
iron-ore,normal,266880.71875,-120714.6015625,4084.00341796875
iron-ore,impure,283968.625,-121598.34375,4452.267578125
iron-ore,pure,347227.78125,-58490.80859375,-748.9641723632812
copper-ore,normal,233446.5625,-247935.03125,1056.9970703125
iron-ore,pure,319464.0625,-158098.328125,3864.56591796875
iron-ore,impure,330433.03125,-142399.734375,3965.8974609375
iron-ore,normal,313010.1875,-133841.609375,4861.54736328125
iron-ore,normal,339300.1875,-183354.421875,4477.0478515625
iron-ore,pure,273729.53125,-148172.90625,4082.71240234375
iron-ore,normal,338207.625,-177564.140625,4959.2177734375
iron-ore,pure,372373.6875,-153420.890625,4005.969482421875
limestone,pure,-280305.96875,-181362.96875,338.1083984375
iron-ore,pure,348525.65625,-123750.7578125,4283.5400390625
copper-ore,normal,348939.46875,-185584.4375,4235.77001953125
copper-ore,impure,329409.59375,-186014.453125,3740.88232421875
copper-ore,pure,355461.71875,-149808.078125,4214.50439453125
copper-ore,impure,326947.0625,-209586.4375,3687.765625
copper-ore,normal,287767.78125,-274886.125,1242.49072265625
copper-ore,pure,342806.28125,-114728.1015625,6020.38671875
iron-ore,pure,278266.3125,-210771.859375,3221.9482421875
iron-ore,normal,298733.9375,-199292.71875,2709.459716796875
iron-ore,pure,282689.3125,-179305.015625,4212.3583984375
iron-ore,pure,385302.65625,-189927.90625,4280.75537109375
iron-ore,impure,311798.84375,-215343.4375,2436.89990234375
iron-ore,impure,314598.09375,-196773.4375,3905.687255859375
iron-ore,normal,276673.5625,-195099.8125,2898.73974609375
limestone,impure,359885.0,-200469.0,4110.0
limestone,pure,391118.03125,-208702.953125,4998.15966796875
limestone,impure,338761.0,-205718.0,4225.0
limestone,pure,348908.0,-163350.390625,4238.03271484375
limestone,normal,370713.0,-221971.0,4225.0
limestone,normal,385953.0,-254364.75,3390.015380859375
iron-ore,normal,280137.9375,-261096.703125,1859.701416015625
raw-quartz,normal,305659.96875,-301305.59375,1232.6881103515625
raw-quartz,normal,308597.78125,-296079.1875,1256.873046875
iron-ore,normal,374874.6875,-259903.078125,3231.756103515625
limestone,pure,355115.5,-122969.9296875,5003.63671875
copper-ore,pure,380813.625,-169867.75,4187.0166015625
iron-ore,normal,377738.0625,-254225.640625,3347.130615234375
copper-ore,impure,381666.3125,-268289.9375,3485.9716796875
iron-ore,pure,304839.65625,-172907.90625,3801.060791015625
iron-ore,pure,297575.8125,-150186.375,3972.99169921875
crude-oil,impure,25224.458984375,-226073.6875,-1825.7677001953125
caterium-ore,pure,406181.875,-206883.046875,-1717.4595947265625
crude-oil,impure,4869.07275390625,-224542.234375,-1829.52685546875
crude-oil,impure,41978.67578125,-207048.671875,-1827.2554931640625
crude-oil,pure,65653.1484375,-174386.171875,-1821.5040283203125
crude-oil,pure,69725.8828125,-181911.984375,-1832.1844482421875
crude-oil,normal,47544.578125,-192701.421875,-1776.18212890625
crude-oil,normal,89076.09375,-201485.546875,-1823.302734375
crude-oil,normal,114158.140625,-183697.4375,-1826.0946044921875
crude-oil,impure,154378.265625,-178428.765625,-1831.33935546875
crude-oil,impure,140956.90625,-190595.046875,-1813.8367919921875
iron-ore,normal,256611.65625,-197978.5625,3516.465087890625
iron-ore,normal,241090.6875,-239787.953125,1048.344482421875
limestone,normal,177197.546875,-86516.8515625,2459.135009765625
copper-ore,normal,167904.109375,-116373.078125,2426.640380859375
iron-ore,pure,181723.703125,-116280.3046875,2150.03125
iron-ore,pure,178061.90625,-120503.6328125,2280.74853515625
limestone,normal,107368.2109375,-43239.4921875,14774.4326171875
iron-ore,pure,68075.3359375,-81001.0859375,9944.1513671875
iron-ore,pure,70865.265625,-78125.8203125,10451.6494140625
limestone,normal,63823.2734375,8376.8037109375,14012.6591796875
iron-ore,pure,59113.39453125,-71501.6328125,10568.01953125
iron-ore,pure,64576.33984375,-71386.9453125,10641.12890625
iron-ore,pure,84199.140625,-86393.546875,9766.52734375
iron-ore,pure,83508.5390625,-90506.7890625,9590.7333984375
limestone,normal,79670.5,-75852.078125,12028.005859375
limestone,pure,69552.0859375,-100368.703125,9391.8876953125
limestone,normal,67878.3984375,-95777.4296875,9352.0341796875
limestone,normal,60592.70703125,-77890.828125,9417.1376953125
limestone,normal,-6448.65673828125,-120483.4453125,10380.2490234375
crude-oil,normal,173702.453125,-91776.40625,1051.03955078125
copper-ore,pure,56109.1640625,-85970.15625,9944.388671875
crude-oil,impure,167391.5,-88953.6015625,1049.76953125
crude-oil,impure,176296.8125,-94196.8359375,1419.1478271484375
crude-oil,normal,172814.171875,-94608.1953125,1042.363037109375
coal,pure,136290.21875,-20923.611328125,9425.298828125
coal,normal,128059.3125,-24824.60546875,8263.71875
coal,pure,122698.0390625,-26966.29296875,7998.91552734375
iron-ore,pure,-44869.3828125,-139479.6875,7983.0224609375
iron-ore,pure,-43381.92578125,-136820.03125,8046.3544921875
sulfur,normal,-41961.5703125,-94314.1171875,374.5955505371094
coal,pure,-71340.8203125,-118238.703125,2007.879150390625
iron-ore,pure,116236.0078125,-15552.185546875,14026.7353515625
crude-oil,normal,49403.65234375,-4743.89208984375,13191.5048828125
crude-oil,normal,52588.734375,-8859.302734375,13593.4697265625
crude-oil,pure,49638.54296875,655.757568359375,13149.619140625
sulfur,normal,126724.421875,-46635.58203125,12896.857421875
iron-ore,pure,-37614.49609375,-142250.453125,7971.7919921875
limestone,pure,-55554.9765625,-129406.359375,6951.5869140625
limestone,normal,50259.71875,-157152.71875,-149.060546875
limestone,normal,121322.34375,-88295.21875,13669.1162109375
limestone,normal,168496.5,-108029.6015625,1557.05615234375
sulfur,normal,92072.6015625,3163.583984375,16079.166015625
caterium-ore,normal,114678.53125,-16970.447265625,14016.240234375
coal,pure,138805.359375,-23952.669921875,9440.7685546875
limestone,normal,343519.1875,-83469.71875,5618.0
raw-quartz,normal,223671.875,-47942.1640625,11273.2900390625
raw-quartz,normal,218436.796875,-50921.640625,11291.78125
raw-quartz,normal,245250.28125,-22224.376953125,8803.896484375
caterium-ore,normal,198151.828125,-48632.609375,5519.95947265625
bauxite,normal,263148.09375,53611.1640625,-1325.3865966796875
bauxite,impure,261127.96875,48274.6015625,-816.8045043945312
bauxite,pure,260298.515625,56227.52734375,-866.566650390625
sam-ore,impure,15459.890625,-331.77032470703125,14636.2109375
bauxite,normal,199007.171875,89173.1875,1096.8028564453125
bauxite,impure,198936.421875,93354.0546875,1238.6220703125
sulfur,normal,181526.53125,78469.1171875,7241.4453125
caterium-ore,normal,198844.25,14860.8515625,55.85369873046875
uranium,normal,168712.5625,50839.1640625,-9.321789741516113
bauxite,pure,-59322.1328125,14594.763671875,23995.044921875
bauxite,normal,2570.989501953125,9834.4873046875,23971.51953125
caterium-ore,normal,-12814.5234375,-104642.125,10908.9150390625
iron-ore,impure,-94905.46875,262677.5,-4620.15673828125
iron-ore,impure,-97178.421875,264232.125,-4625.65185546875
iron-ore,impure,265501.21875,-178205.921875,3456.910888671875
iron-ore,impure,-98579.15625,265801.0625,-4634.9521484375
iron-ore,impure,-91267.7109375,253077.453125,-4513.923828125
copper-ore,impure,-83962.1484375,273576.625,-6240.13330078125
copper-ore,impure,-83133.6328125,275762.21875,-6264.25244140625
iron-ore,impure,-36499.55859375,243893.734375,-2502.6240234375
iron-ore,impure,-35040.7265625,245805.296875,-2504.111083984375
iron-ore,normal,-49077.015625,231707.75,-3845.751708984375
iron-ore,normal,-51644.59765625,229391.390625,-3845.751708984375
coal,normal,400379.40625,-262928.125,3427.250732421875
coal,normal,155867.515625,248394.40625,-6062.52734375
coal,normal,157195.484375,241871.546875,-6201.17333984375
coal,normal,153876.15625,252816.96875,-4609.96435546875
coal,normal,150582.828125,249923.765625,-5135.72998046875
coal,normal,-75977.25,130576.3359375,-3632.121337890625
coal,normal,-78418.7109375,129174.2890625,-3648.870849609375
copper-ore,normal,7171.52978515625,155231.703125,-12082.9404296875
copper-ore,normal,5251.412109375,157169.1875,-12082.8232421875
copper-ore,normal,5023.70361328125,159951.484375,-12082.9404296875
limestone,pure,120084.5859375,-9957.3076171875,10448.1904296875
limestone,normal,-108119.9765625,261059.140625,-4801.65771484375
sulfur,impure,-39889.7578125,-93579.2265625,343.0762023925781
limestone,normal,-52587.4375,264646.90625,-3819.65771484375
limestone,normal,-89046.078125,153285.140625,-3019.693603515625
copper-ore,pure,152648.421875,5227.09130859375,15168.2705078125
copper-ore,pure,157737.734375,14877.8212890625,15369.974609375
copper-ore,pure,149936.703125,4686.47119140625,15468.1259765625
limestone,pure,166452.453125,7804.263671875,15934.0478515625
iron-ore,pure,124933.1640625,5226.189453125,15573.5791015625
iron-ore,pure,128572.9296875,1795.296630859375,15542.841796875
sam-ore,impure,-48333.421875,128900.1328125,23287.654296875
raw-quartz,pure,-90474.3671875,67259.8046875,2145.046875
limestone,pure,-107864.8046875,60190.58984375,2653.3466796875
raw-quartz,pure,-90370.421875,63712.15625,2145.046875
iron-ore,normal,193679.09375,-5536.15625,10224.86328125
iron-ore,normal,199555.65625,-776.71875,10251.6357421875
raw-quartz,normal,242403.046875,-20541.48828125,8785.3759765625
raw-quartz,normal,244102.40625,-27296.837890625,8775.3466796875
raw-quartz,normal,216036.03125,-43073.39453125,11279.3642578125
iron-ore,normal,246412.375,-45892.6015625,10255.32421875
bauxite,normal,39477.6484375,52119.98828125,23601.6015625
sam-ore,impure,285296.0,-43240.0,5264.0
iron-ore,impure,-99586.609375,267811.9375,-4660.72998046875
iron-ore,impure,-93267.109375,254146.171875,-4509.763671875
iron-ore,impure,-94006.5703125,268116.21875,-3127.726318359375
iron-ore,impure,-92372.078125,266081.84375,-3125.044189453125
limestone,impure,-55951.41015625,271564.90625,-3776.699951171875
iron-ore,impure,-65049.11328125,137463.796875,8488.220703125
iron-ore,impure,-42273.09765625,132150.96875,8668.765625
iron-ore,impure,-60453.41796875,141695.671875,8416.7841796875
iron-ore,impure,-41928.3203125,206907.640625,-2228.23291015625
iron-ore,impure,-43940.1640625,207992.46875,-2228.23291015625
copper-ore,pure,-21758.373046875,-145311.75,10041.6787109375
copper-ore,normal,-33328.18359375,231626.15625,-1394.350341796875
iron-ore,impure,-38249.46484375,127975.2109375,8811.4970703125
iron-ore,impure,-41484.48828125,125793.5859375,8644.9326171875
iron-ore,normal,571.7421875,283802.09375,-1139.76220703125
iron-ore,normal,-1126.055419921875,285301.25,-1139.76220703125
iron-ore,normal,-44922.046875,302273.5625,-2573.1181640625
iron-ore,normal,-50406.52734375,302870.71875,-2583.333251953125
copper-ore,normal,-21265.08984375,283147.75,-2531.189453125
limestone,normal,3998.15234375,271120.625,-4107.96337890625
limestone,normal,4127.76953125,273241.8125,-4107.96337890625
limestone,pure,-41844.60546875,-152412.109375,9227.1572265625
limestone,normal,16091.8359375,264153.125,-3854.179931640625
iron-ore,normal,-54100.9609375,229417.015625,-3845.751708984375
raw-quartz,normal,-194230.34375,-140421.953125,-1241.9168701171875
limestone,impure,-41301.40625,288558.03125,-2575.56982421875
limestone,normal,-37142.07421875,201538.15625,-3066.4609375
limestone,impure,-62536.7734375,228042.59375,-3279.111328125
limestone,impure,-110521.765625,249721.671875,-5379.68408203125
limestone,impure,-94477.421875,228243.265625,-2399.371337890625
iron-ore,normal,-8996.6376953125,293512.3125,-2527.247802734375
coal,normal,-89379.3515625,136763.078125,-3948.648681640625
iron-ore,pure,-47085.40234375,-141054.671875,8074.4296875
coal,normal,-86788.4375,138201.34375,-3613.60107421875
limestone,pure,-55288.33203125,129002.875,8671.7841796875
copper-ore,impure,-71673.078125,106511.3125,8466.1513671875
iron-ore,pure,271770.6875,100432.4765625,-1294.7979736328125
limestone,pure,284986.28125,111894.0703125,-1605.71484375
iron-ore,pure,242756.75,87933.09375,-617.177001953125
bauxite,impure,-5633.59375,44274.0625,21105.998046875
iron-ore,pure,245861.546875,4378.94287109375,573.6340942382812
bauxite,pure,-5292.68359375,92075.1953125,22756.326171875
iron-ore,impure,-43326.96875,130254.3828125,8662.2705078125
raw-quartz,pure,-66390.640625,-137146.3125,4741.18212890625
caterium-ore,pure,270786.0625,120111.015625,-54.522705078125
limestone,pure,-53615.42578125,160375.5625,3355.889892578125
coal,normal,134965.875,123199.9140625,12290.6513671875
coal,normal,146849.5625,115085.8125,12296.84375
caterium-ore,normal,90375.7890625,80713.84375,10116.560546875
limestone,pure,-80089.1875,204746.5,1544.53076171875
uranium,normal,38000.171875,91735.953125,-4809.05126953125
iron-ore,impure,-55693.16796875,194370.484375,-2557.027587890625
iron-ore,impure,-57161.0625,192772.703125,-2513.37255859375
iron-ore,impure,-58919.39453125,195892.9375,-2195.56787109375
raw-quartz,pure,-62329.81640625,-140683.9375,4868.03466796875
iron-ore,impure,-61757.26953125,194633.71875,-2042.010009765625
coal,normal,276452.75,-250331.375,1260.681396484375
sulfur,pure,296499.78125,13253.51171875,-881.7694091796875
iron-ore,pure,255908.453125,-3071.189697265625,3583.283203125
limestone,normal,-8700.84765625,283439.625,-1137.013427734375
iron-ore,normal,-10233.544921875,291034.90625,-2475.652587890625
limestone,impure,-43321.69140625,239553.46875,-3850.861083984375
coal,pure,-66076.53125,296870.71875,-6102.42578125
raw-quartz,pure,-167359.828125,-145682.578125,-1916.12255859375
limestone,normal,8341.529296875,147571.703125,-9599.8828125
caterium-ore,normal,-20566.470703125,-105374.625,9004.263671875
coal,pure,17163.822265625,280787.90625,2768.04541015625
iron-ore,impure,-47534.35546875,289606.59375,-2526.479248046875
iron-ore,impure,-50101.90234375,284478.03125,-2614.763916015625
copper-ore,normal,-28703.16796875,198210.484375,-1997.027587890625
coal,normal,404788.15625,-113960.5859375,634.6417236328125
bauxite,pure,-217052.25,11242.14453125,17705.3828125
bauxite,pure,-177367.203125,44998.91796875,23765.869140625
bauxite,normal,-150574.796875,-22.557600021362305,19505.623046875
uranium,normal,-75893.15625,51636.9609375,19145.953125
coal,pure,-60960.88671875,96171.0859375,21234.123046875
limestone,normal,20776.251953125,-134970.046875,16881.8359375
coal,normal,-107739.1015625,-130639.9609375,-1525.475341796875
coal,normal,-29925.75,39693.05859375,21307.763671875
coal,normal,-64843.03515625,-7738.49072265625,22626.6640625
coal,normal,33024.74609375,69.47814178466797,23076.40625
coal,normal,57623.453125,45463.21484375,24895.326171875
coal,impure,8348.4306640625,70432.0,23244.650390625
coal,pure,-107793.8671875,31855.47265625,22428.25390625
coal,normal,-141071.515625,39662.02734375,19144.66015625
sam-ore,impure,-125022.9140625,50906.73046875,32742.076171875
sam-ore,impure,18464.125,41695.86328125,21119.587890625
coal,normal,-53781.875,33003.2734375,20012.234375
limestone,normal,75114.84375,-123003.4765625,13630.326171875
coal,pure,404471.15625,-116794.984375,1122.1617431640625
coal,impure,368850.5625,-76218.8203125,-538.830810546875
coal,impure,365436.375,-80081.9765625,-63.16175079345703
sulfur,pure,380366.875,-109495.6953125,9249.5849609375
coal,pure,330471.40625,-264658.34375,2144.00537109375
coal,normal,271513.6875,-246510.546875,1630.9066162109375
coal,normal,399533.875,-255364.921875,3822.780029296875
coal,normal,362593.59375,-135769.96875,5895.02587890625
coal,normal,368128.34375,-139150.703125,5475.8515625
coal,normal,365854.4375,-133383.734375,5255.89990234375
limestone,pure,-227331.09375,-158278.328125,8947.6650390625
coal,impure,406197.03125,-252989.96875,3940.428466796875
coal,impure,218926.46875,-255338.890625,1070.1922607421875
coal,impure,220712.890625,-250482.203125,1257.345703125
coal,pure,325548.8125,-264500.125,1673.5780029296875
sulfur,pure,246502.21875,-276999.90625,1498.7733154296875
coal,pure,330471.40625,-264658.34375,2144.00537109375
uranium,impure,-132772.21875,-187579.234375,46528.30859375
bauxite,normal,106047.6484375,50478.78515625,9765.1162109375
bauxite,pure,116877.5390625,51510.90625,17359.505859375
bauxite,impure,103317.6484375,67498.78125,9540.1162109375
bauxite,impure,89592.6484375,62638.78125,10375.1162109375
iron-ore,pure,219394.75,37188.81640625,-1292.1663818359375
iron-ore,normal,245700.4375,30065.3984375,-847.2978515625
limestone,normal,270772.25,47035.5703125,-1613.8238525390625
copper-ore,normal,-36771.38671875,296778.96875,-2366.046142578125
limestone,pure,225430.5,-6949.228515625,-1549.86083984375
coal,normal,-110109.1015625,-129159.9609375,-1405.475341796875
caterium-ore,pure,-131573.671875,227253.09375,-787.0240478515625
sulfur,normal,-46605.6796875,155202.859375,6497.82763671875
caterium-ore,pure,-92343.3359375,281605.875,-4620.49560546875
iron-ore,normal,133276.125,197857.0,-7378.8447265625
iron-ore,normal,131967.421875,194729.0,-7424.69287109375
copper-ore,impure,130551.0,179528.53125,-5545.09716796875
iron-ore,pure,133637.484375,205791.546875,-7424.3212890625
limestone,normal,226320.0,-200702.0,1079.349853515625
sam-ore,impure,228273.234375,116287.0390625,-1581.817138671875
sam-ore,impure,80929.8359375,242455.25,-4483.244140625
coal,normal,-102630.015625,-140319.84375,-1581.7320556640625
iron-ore,pure,-167603.140625,179557.15625,1589.63232421875
iron-ore,pure,-164442.609375,171771.796875,1612.346923828125
iron-ore,pure,-162723.671875,182453.09375,462.97607421875
copper-ore,pure,-171878.625,185789.21875,1077.1573486328125
limestone,pure,-156728.53125,202159.609375,961.4581298828125
limestone,pure,-151152.171875,184381.0,978.0700073242188
crude-oil,normal,-229053.75,78058.34375,-1684.9669189453125
crude-oil,pure,-245048.640625,90588.171875,-1652.3980712890625
crude-oil,normal,-232468.75,62838.28125,-1676.4932861328125
crude-oil,pure,-252533.734375,69813.3203125,-1562.4610595703125
iron-ore,normal,252751.21875,29139.623046875,-798.658935546875
copper-ore,normal,282284.1875,63326.75390625,-1601.3115234375
copper-ore,normal,297499.0625,-7312.43701171875,-298.2346496582031
limestone,pure,219900.90625,42217.49609375,-1597.660400390625
copper-ore,normal,160085.53125,259420.734375,-1094.70556640625
iron-ore,pure,164518.28125,238317.953125,-8588.59765625
limestone,normal,141567.921875,230906.75,-5835.1923828125
limestone,normal,245860.046875,-218934.484375,1311.5662841796875
crude-oil,impure,169716.921875,203386.046875,-9242.583984375
sam-ore,impure,162833.46875,224425.1875,-7946.0205078125
coal,pure,-113215.828125,-44145.0,16295.931640625
copper-ore,pure,-26897.671875,-145468.75,8397.134765625
water,,316663.25,-290557.25,1067.466552734375
water,,185709.796875,-57262.828125,5396.359375
water,,240512.96875,-69723.078125,5520.29833984375
water,,99209.796875,83713.03125,10073.359375
water,,104339.234375,145802.75,5427.71484375
water,,6932.234375,187184.75,-10649.28515625
water,,-19414.203125,173196.03125,-197.640625
water,,-108264.203125,73536.03125,3002.359375
nitrogen-gas,,215923.578125,135917.875,-438.2727966308594
nitrogen-gas,,223618.359375,-311503.09375,7674.10546875
nitrogen-gas,,-251395.03125,-187070.859375,-1668.1240234375
nitrogen-gas,,-143896.03125,122197.140625,15133.8759765625
nitrogen-gas,,79294.46875,124793.8671875,7533.35693359375
crude-oil,,268155.625,112797.5859375,-173.0546875
crude-oil,,-40180.1328125,-7911.5419921875,24980.662109375
nitrogen-gas,,128310.0,256759.0,269.0
geyser,normal,49337.0,-54670.0,5773.0
geyser,normal,70191.0,-14100.0,13085.0
geyser,normal,-33373.0,-88036.0,-87.0
geyser,pure,-49789.0,-162415.90625,-1849.0
geyser,pure,202233.0,45027.015625,-1317.0
geyser,pure,-142293.359375,-61383.31640625,3018.41455078125
geyser,pure,89519.234375,223899.328125,301.5467529296875
geyser,pure,94931.4921875,218651.046875,40.1337890625
geyser,normal,-138869.890625,-57952.96484375,3236.361572265625
geyser,normal,206903.0,45592.015625,-1367.0
geyser,normal,141833.0,-89090.0,1558.644287109375
geyser,pure,281106.34375,8139.6376953125,953.33203125
geyser,normal,281795.78125,-557.9404907226562,2609.022705078125
geyser,normal,282863.0,1772.016357421875,2698.0
geyser,impure,92620.0,-31568.236328125,5615.953125
geyser,normal,95894.5546875,-30845.921875,5590.0
geyser,impure,43763.0,-98725.0,10544.0
geyser,impure,134478.390625,-90977.9609375,1984.0189208984375
nitrogen-gas-satellite,pure,212492.40625,138086.90625,-126.02577209472656
water-satellite,impure,9269.21875,190201.78125,-10440.81640625
water-satellite,impure,3582.625,187082.125,-10305.05859375
water-satellite,impure,185693.71875,-61072.1796875,5431.79150390625
water-satellite,normal,314408.25,-292941.6875,1253.293701171875
water-satellite,pure,-22450.546875,171714.265625,-27.8046875
water-satellite,pure,-17700.78125,174876.78125,-70.81640625
nitrogen-gas-satellite,pure,216407.40625,139499.90625,-212.02577209472656
water-satellite,pure,-16087.40625,170350.59375,351.41796875
water-satellite,pure,-15611.966796875,172710.390625,239.2142791748047
water-satellite,pure,-23406.78515625,174254.375,-437.7421875
water-satellite,pure,-20451.46875,175654.28125,-99.55859375
water-satellite,pure,-111801.46875,73189.28125,3120.44140625
water-satellite,pure,-111814.8125,71121.2578125,3061.7578125
water-satellite,pure,-107606.78125,71069.375,2912.2578125
water-satellite,pure,-104692.40625,73355.59375,3096.41796875
water-satellite,pure,-110139.15625,75375.21875,3196.484375
water-satellite,pure,-104200.78125,70976.78125,2859.18359375
nitrogen-gas-satellite,pure,218169.40625,137548.90625,-209.02577209472656
water-satellite,pure,-108478.46875,77599.9375,3709.2578125
water-satellite,normal,-20347.14453125,170787.4375,6.991364002227783
nitrogen-gas-satellite,pure,211685.875,133160.875,-247.35888671875
nitrogen-gas-satellite,pure,225241.625,-309813.3125,7875.64013671875
nitrogen-gas-satellite,pure,221785.265625,-308346.0,8244.490234375
nitrogen-gas-satellite,normal,220214.53125,-310720.59375,7879.724609375
nitrogen-gas-satellite,pure,226487.78125,-313623.96875,8160.9453125
nitrogen-gas-satellite,normal,126644.0,253042.0,-372.0
nitrogen-gas-satellite,pure,221263.53125,-312256.59375,7931.724609375
nitrogen-gas-satellite,pure,125104.0,256475.0,734.0
nitrogen-gas-satellite,pure,223981.328125,-314008.65625,7867.1240234375
nitrogen-gas-satellite,pure,-253679.4375,-187151.625,-1240.98046875
nitrogen-gas-satellite,pure,-254692.421875,-191072.625,-1581.98095703125
nitrogen-gas-satellite,normal,226851.625,-311423.3125,7905.64013671875
nitrogen-gas-satellite,pure,-251958.171875,-191565.8125,-1741.08642578125
nitrogen-gas-satellite,normal,-249899.390625,-190381.265625,-1739.56640625
nitrogen-gas-satellite,pure,-249449.390625,-188216.265625,-1739.56640625
nitrogen-gas-satellite,pure,-250936.71875,-184679.1875,-1457.1298828125
nitrogen-gas-satellite,pure,-147628.71875,125722.8125,15315.8701171875
nitrogen-gas-satellite,pure,-144341.71875,124609.8125,15387.8701171875
nitrogen-gas-satellite,normal,125098.8671875,254321.4375,159.65127563476562
nitrogen-gas-satellite,pure,-145715.25,119442.078125,15181.5361328125
nitrogen-gas-satellite,pure,-142779.1875,120243.1875,15174.9140625
nitrogen-gas-satellite,pure,-141750.375,121997.734375,15259.43359375
nitrogen-gas-satellite,pure,-142911.4375,118402.375,14995.01953125
nitrogen-gas-satellite,pure,-145565.4375,126028.375,15439.01953125
nitrogen-gas-satellite,pure,83683.84375,123761.3125,7897.22265625
nitrogen-gas-satellite,pure,74773.203125,124531.3203125,7991.16162109375
nitrogen-gas-satellite,pure,82908.09375,128032.328125,7356.7314453125
nitrogen-gas-satellite,pure,76726.1796875,122532.6484375,8177.779296875
nitrogen-gas-satellite,pure,82399.734375,125327.3515625,7666.8828125
nitrogen-gas-satellite,pure,130516.0,255126.0,-294.0
nitrogen-gas-satellite,pure,81624.2265625,120852.34375,8263.8701171875
nitrogen-gas-satellite,pure,78439.03125,128068.46875,7273.095703125
nitrogen-gas-satellite,pure,78578.84375,120914.3125,8342.22265625
nitrogen-gas-satellite,pure,75980.03125,126949.46875,7587.095703125
nitrogen-gas-satellite,pure,81497.203125,129260.3203125,7080.162109375
crude-oil-satellite,impure,267123.125,115156.3125,-101.34375
crude-oil-satellite,impure,264051.5625,112280.796875,-66.40234375
crude-oil-satellite,impure,264231.3125,114518.453125,-77.76171875
crude-oil-satellite,impure,271425.28125,111504.1015625,-102.578125
crude-oil-satellite,impure,269500.40625,115587.5859375,-83.2890625
nitrogen-gas-satellite,pure,131025.0,257428.0,238.0
crude-oil-satellite,impure,267439.25,110349.328125,-91.1640625
nitrogen-gas-satellite,pure,-253968.71875,-189214.1875,-1460.1298828125
crude-oil-satellite,normal,-40199.91015625,-4304.33203125,25053.796875
water-satellite,impure,313890.5,-287979.46875,1212.35009765625
crude-oil-satellite,normal,-43758.80078125,-8409.396484375,25138.8828125
nitrogen-gas-satellite,impure,214659.703125,137993.515625,-225.07778930664062
crude-oil-satellite,normal,-41776.44921875,-9868.3759765625,25142.185546875
crude-oil-satellite,pure,-38956.8359375,-10362.68359375,25325.0703125
crude-oil-satellite,pure,-36959.1328125,-7833.7783203125,25170.345703125
crude-oil-satellite,pure,-43238.79296875,-6518.9111328125,25053.646484375
water-satellite,pure,314277.5,-289755.78125,1267.870849609375
water-satellite,pure,319126.59375,-290062.65625,1228.4166259765625
water-satellite,impure,320535.3125,-291279.5625,1229.567138671875
water-satellite,pure,316513.25,-293371.6875,1243.293701171875
water-satellite,pure,316668.3125,-288089.65625,1174.041015625
water-satellite,pure,188862.859375,-57590.3046875,5566.1953125
nitrogen-gas-satellite,impure,213448.875,132706.875,-317.35888671875
water-satellite,pure,183113.640625,-55532.7265625,5512.052734375
water-satellite,normal,182806.09375,-58147.62109375,5535.63671875
water-satellite,pure,186318.421875,-52985.66015625,5425.97998046875
water-satellite,normal,183610.296875,-59943.703125,5585.63671875
water-satellite,pure,188079.21875,-54423.78125,5518.6484375
water-satellite,pure,240891.96875,-66618.5625,6182.66259765625
water-satellite,pure,238332.1875,-69283.015625,5403.42529296875
water-satellite,pure,242801.65625,-71309.5390625,5419.41064453125
water-satellite,pure,239763.4375,-71695.0625,5256.6591796875
water-satellite,normal,245033.625,-71845.8359375,4617.3818359375
nitrogen-gas-satellite,normal,215726.0,132791.0,-285.0
water-satellite,normal,240788.0,-74885.2421875,4801.5166015625
water-satellite,pure,95981.59375,85227.59375,10170.4189453125
water-satellite,pure,101158.71875,85561.3828125,10250.3388671875
water-satellite,pure,98700.53125,86231.9375,10246.2578125
water-satellite,pure,97653.21875,82023.7734375,10255.1845703125
water-satellite,pure,100208.75,81507.7265625,10271.408203125
water-satellite,pure,102318.71875,82976.3828125,10270.3388671875
water-satellite,normal,99743.53125,147302.9375,6441.2578125
water-satellite,normal,106354.59375,139678.59375,6603.41796875
water-satellite,impure,108080.53125,142057.28125,6632.44140625
nitrogen-gas-satellite,normal,218040.875,134223.296875,-187.51669311523438
water-satellite,impure,108262.0625,145417.828125,6486.4375
water-satellite,normal,103179.53125,141524.9375,6429.2578125
water-satellite,normal,104641.21875,149304.78125,6456.18359375
water-satellite,normal,100829.71875,143446.375,6461.33984375
water-satellite,normal,100716.75,149703.71875,6494.40625
water-satellite,pure,4933.53125,184744.28125,-10424.55859375
water-satellite,pure,7164.15625,183858.4375,-10524.9453125
water-satellite,pure,5973.21484375,189394.375,-10357.7421875
water-satellite,pure,9112.53125,184869.9375,-10505.7421875
water-satellite,pure,10342.59375,187520.59375,-10473.58203125
nitrogen-gas-satellite,pure,128216.0,258878.0,890.0
